;Particpiant;-50.0_2.9607843137254903;-50.0_3.3555555555555556;-50.0_3.8227848101265822;-50.0_4.4411764705882355;-50.0_5.298245614035087;-50.0_5.911764705882353;-50.0_6.7;-50.0_6.711111111111111;-50.0_7.632911392405063;-50.0_8.867647058823529;-50.0_8.872549019607844;-50.0_8.882352941176471;-50.0_10.055555555555555;-50.0_10.578947368421053;-50.0_11.455696202531646;-50.0_11.833333333333334;-50.0_13.308823529411764;-50.0_13.4;-50.0_13.411111111111111;-50.0_15.278481012658228;-50.0_15.87719298245614;-50.0_17.735294117647058;-50.0_17.75;-50.0_20.11111111111111;-50.0_21.17543859649123;-50.0_26.61764705882353;-50.0_26.822222222222223;-50.0_35.5;-16.67_2.9607843137254903;-16.67_3.3555555555555556;-16.67_3.8227848101265822;-16.67_4.4411764705882355;-16.67_5.298245614035087;-16.67_5.911764705882353;-16.67_6.7;-16.67_6.711111111111111;-16.67_7.632911392405063;-16.67_8.867647058823529;-16.67_8.872549019607844;-16.67_8.882352941176471;-16.67_10.055555555555555;-16.67_10.578947368421053;-16.67_11.455696202531646;-16.67_11.833333333333334;-16.67_13.308823529411764;-16.67_13.4;-16.67_13.411111111111111;-16.67_15.278481012658228;-16.67_15.87719298245614;-16.67_17.735294117647058;-16.67_17.75;-16.67_20.11111111111111;-16.67_21.17543859649123;-16.67_26.61764705882353;-16.67_26.822222222222223;-16.67_35.5;0.0_2.9607843137254903;0.0_3.3555555555555556;0.0_3.8227848101265822;0.0_4.4411764705882355;0.0_5.298245614035087;0.0_5.911764705882353;0.0_6.7;0.0_6.711111111111111;0.0_7.632911392405063;0.0_8.867647058823529;0.0_8.872549019607844;0.0_8.882352941176471;0.0_10.055555555555555;0.0_10.578947368421053;0.0_11.455696202531646;0.0_11.833333333333334;0.0_13.308823529411764;0.0_13.4;0.0_13.411111111111111;0.0_15.278481012658228;0.0_15.87719298245614;0.0_17.735294117647058;0.0_17.75;0.0_20.11111111111111;0.0_21.17543859649123;0.0_26.61764705882353;0.0_26.822222222222223;0.0_35.5;16.67_2.9607843137254903;16.67_3.3555555555555556;16.67_3.8227848101265822;16.67_4.4411764705882355;16.67_5.298245614035087;16.67_5.911764705882353;16.67_6.7;16.67_6.711111111111111;16.67_7.632911392405063;16.67_8.867647058823529;16.67_8.872549019607844;16.67_8.882352941176471;16.67_10.055555555555555;16.67_10.578947368421053;16.67_11.455696202531646;16.67_11.833333333333334;16.67_13.308823529411764;16.67_13.4;16.67_13.411111111111111;16.67_15.278481012658228;16.67_15.87719298245614;16.67_17.735294117647058;16.67_17.75;16.67_20.11111111111111;16.67_21.17543859649123;16.67_26.61764705882353;16.67_26.822222222222223;16.67_35.5;50.0_2.9607843137254903;50.0_3.3555555555555556;50.0_3.8227848101265822;50.0_4.4411764705882355;50.0_5.298245614035087;50.0_5.911764705882353;50.0_6.7;50.0_6.711111111111111;50.0_7.632911392405063;50.0_8.867647058823529;50.0_8.872549019607844;50.0_8.882352941176471;50.0_10.055555555555555;50.0_10.578947368421053;50.0_11.455696202531646;50.0_11.833333333333334;50.0_13.308823529411764;50.0_13.4;50.0_13.411111111111111;50.0_15.278481012658228;50.0_15.87719298245614;50.0_17.735294117647058;50.0_17.75;50.0_20.11111111111111;50.0_21.17543859649123;50.0_26.61764705882353;50.0_26.822222222222223;50.0_35.5
0;1.0;33.5;29.0;43.25;35.666666666666664;23.666666666666668;106.0;76.0;28.2;82.6;98.2;181.33333333333334;37.6;105.66666666666667;18.0;93.25;108.6;68.66666666666667;67.0;166.2;134.2;159.5;105.0;131.75;137.4;135.75;96.0;;149.25;44.5;67.33333333333333;42.5;27.6;55.0;35.25;62.5;53.0;92.75;54.0;101.8;46.0;100.75;36.5;137.75;182.2;118.6;88.83333333333333;153.0;125.66666666666667;143.8;1022.0;151.66666666666666;115.5;129.0;92.33333333333333;;182.5;42.2;52.666666666666664;42.6;36.0;27.5;54.5;70.0;27.0;53.5;87.0;117.0;45.5;144.66666666666666;44.5;138.6;78.5;148.33333333333334;72.5;220.66666666666666;216.25;129.66666666666666;117.5;101.6;117.66666666666667;166.0;119.33333333333333;184.66666666666666;160.5;27.0;29.666666666666668;31.0;27.0;126.0;54.0;55.75;42.666666666666664;70.0;72.0;106.8;74.16666666666667;81.0;74.8;84.25;970.3333333333334;235.75;126.0;367.6;145.4;2954.25;216.33333333333334;464.5;255.8;258.8;79.0;132.75;89.0;31.25;48.75;36.0;44.5;49.0;65.0;60.0;30.0;72.5;36.0;123.33333333333333;103.66666666666667;276.0;84.5;113.0;174.0;330.6666666666667;89.0;123.66666666666667;242.0;166.66666666666666;58.666666666666664;97.5;108.0;121.8;224.0;306.6666666666667;134.0
1;2.0;55.333333333333336;59.0;163.33333333333334;57.333333333333336;273.0;452.0;557.3333333333334;288.0;289.3333333333333;388.6666666666667;395.0;160.0;397.6666666666667;455.6666666666667;753.0;228.66666666666666;627.0;540.0;1123.6666666666667;762.6666666666666;952.6666666666666;395.0;377.6666666666667;393.6666666666667;385.3333333333333;582.3333333333334;339.3333333333333;801.6666666666666;254.0;91.33333333333333;84.0;168.0;172.0;288.0;604.0;65.33333333333333;241.0;114.0;213.66666666666666;133.0;354.0;378.3333333333333;707.0;819.0;377.6666666666667;239.0;559.0;861.0;904.6666666666666;540.0;705.6666666666666;726.6666666666666;1029.0;1673.0;1356.6666666666667;924.6666666666666;132.66666666666666;113.33333333333333;124.66666666666667;105.66666666666667;113.33333333333333;272.3333333333333;266.0;143.33333333333334;287.6666666666667;226.66666666666666;285.6666666666667;199.33333333333334;387.6666666666667;395.0;574.0;615.6666666666666;591.3333333333334;356.6666666666667;611.6666666666666;537.3333333333334;579.0;584.3333333333334;697.0;857.0;589.0;701.6666666666666;1318.0;648.6666666666666;134.66666666666666;205.33333333333334;643.6666666666666;209.66666666666666;145.0;356.0;418.3333333333333;169.66666666666666;267.3333333333333;447.3333333333333;754.6666666666666;172.66666666666666;619.3333333333334;696.3333333333334;849.3333333333334;1066.6666666666667;384.0;422.0;803.0;698.3333333333334;618.6666666666666;265.3333333333333;547.3333333333334;577.0;901.6666666666666;850.6666666666666;1014.6666666666666;1391.0;143.0;142.33333333333334;338.3333333333333;249.66666666666666;201.66666666666666;330.0;352.3333333333333;177.66666666666666;313.6666666666667;319.3333333333333;379.3333333333333;238.0;690.6666666666666;391.3333333333333;545.6666666666666;705.3333333333334;862.6666666666666;385.0;920.0;560.0;1103.0;668.6666666666666;1180.0;544.0;770.3333333333334;1777.0;1252.6666666666667;2022.0
2;3.0;85.0;164.75;176.0;85.5;467.0;292.6666666666667;236.0;306.0;423.0;;201.0;;335.0;354.5;301.0;611.0;226.0;150.0;262.0;567.3333333333334;1089.6666666666667;296.0;236.33333333333334;1474.3333333333333;233.0;317.2;3205.75;377.6666666666667;95.66666666666667;119.0;184.0;334.2;458.0;258.0;206.5;720.5;235.33333333333334;206.66666666666666;412.0;1230.25;328.6666666666667;1528.75;318.0;914.0;420.75;337.3333333333333;708.0;506.0;578.6666666666666;528.25;589.0;9029.0;5651.25;321.3333333333333;1963.3333333333333;592.6666666666666;90.66666666666667;450.1666666666667;248.75;183.0;329.6666666666667;591.0;289.6;175.25;1581.2857142857142;1034.8;343.6666666666667;258.3333333333333;297.8;604.8;582.3333333333334;495.5;2866.75;481.0;232.0;2171.6666666666665;823.0;324.0;1683.0;407.5;3536.1666666666665;661.75;768.0;375.0;148.5;87.5;119.0;276.3333333333333;163.0;229.33333333333334;269.2;145.0;457.6666666666667;367.5;394.0;434.3333333333333;;358.0;643.3333333333334;512.0;371.3333333333333;1077.75;568.25;4033.0;382.5;199.0;1252.5;5316.5;2622.75;489.6666666666667;559.0;576.5;228.75;170.0;258.5;350.6666666666667;1261.8;212.0;312.3333333333333;1348.5;357.0;270.5;469.6666666666667;392.6666666666667;1673.4;521.0;487.0;2457.8;3201.2;1074.0;2903.4;388.5;568.0;556.3333333333334;524.3333333333334;5440.333333333333;3634.25;601.0;5241.0;890.0
3;4.0;129.0;148.0;186.66666666666666;290.0;209.66666666666666;269.0;250.33333333333334;285.0;368.0;268.0;266.3333333333333;199.0;373.3333333333333;320.3333333333333;388.3333333333333;184.66666666666666;571.6666666666666;333.3333333333333;861.3333333333334;1088.0;468.3333333333333;455.3333333333333;923.3333333333334;483.3333333333333;214.66666666666666;276.0;861.3333333333334;824.6666666666666;158.33333333333334;233.33333333333334;181.33333333333334;324.0;305.0;508.3333333333333;1426.6666666666667;360.0;555.3333333333334;411.0;692.0;467.0;732.3333333333334;440.6666666666667;710.0;770.0;810.6666666666666;659.0;798.6666666666666;1171.0;474.6666666666667;574.3333333333334;1055.3333333333333;620.3333333333334;1225.6666666666667;773.6666666666666;746.6666666666666;689.0;194.66666666666666;288.0;314.0;192.66666666666666;237.0;485.0;397.0;293.3333333333333;418.6666666666667;302.0;636.3333333333334;177.0;690.0;620.6666666666666;1423.3333333333333;696.6666666666666;588.3333333333334;378.3333333333333;576.6666666666666;1307.0;920.3333333333334;656.3333333333334;742.6666666666666;784.0;580.3333333333334;671.0;663.3333333333334;1051.3333333333333;138.66666666666666;197.0;231.33333333333334;172.66666666666666;262.6666666666667;433.3333333333333;494.0;393.3333333333333;412.6666666666667;412.6666666666667;597.3333333333334;143.66666666666666;747.0;569.3333333333334;908.3333333333334;1047.3333333333333;760.0;316.6666666666667;882.6666666666666;971.6666666666666;583.6666666666666;526.0;966.3333333333334;816.3333333333334;923.0;885.6666666666666;1157.3333333333333;1170.6666666666667;170.33333333333334;209.66666666666666;201.66666666666666;228.0;1244.6666666666667;228.33333333333334;411.6666666666667;229.66666666666666;434.3333333333333;493.3333333333333;476.6666666666667;307.6666666666667;745.6666666666666;483.0;1401.0;885.0;728.3333333333334;625.6666666666666;637.3333333333334;1024.0;1025.0;484.6666666666667;553.3333333333334;820.0;857.6666666666666;8877.666666666666;767.3333333333334;1003.6666666666666
4;5.0;211.66666666666666;130.0;86.66666666666667;70.0;88.66666666666667;60.666666666666664;89.0;62.333333333333336;116.66666666666667;150.66666666666666;89.66666666666667;70.0;167.0;58.0;247.0;434.6666666666667;392.0;109.33333333333333;222.33333333333334;364.6666666666667;148.33333333333334;79.66666666666667;131.33333333333334;39.666666666666664;111.33333333333333;535.6666666666666;274.3333333333333;933.0;198.0;136.0;100.0;171.66666666666666;121.66666666666667;182.66666666666666;183.33333333333334;132.66666666666666;289.0;129.33333333333334;292.3333333333333;107.33333333333333;140.0;169.33333333333334;208.66666666666666;310.3333333333333;313.0;374.0;332.6666666666667;370.6666666666667;263.3333333333333;217.33333333333334;241.33333333333334;201.33333333333334;314.0;232.33333333333334;305.3333333333333;353.0;100.66666666666667;435.6666666666667;96.33333333333333;78.33333333333333;90.0;282.6666666666667;200.0;108.0;199.66666666666666;242.0;195.33333333333334;99.0;296.6666666666667;169.66666666666666;175.66666666666666;319.0;326.6666666666667;170.0;320.0;453.0;233.0;235.33333333333334;319.6666666666667;229.33333333333334;310.6666666666667;232.0;441.3333333333333;294.3333333333333;141.33333333333334;128.33333333333334;173.33333333333334;118.66666666666667;109.66666666666667;288.0;349.6666666666667;129.33333333333334;314.6666666666667;188.66666666666666;231.0;185.66666666666666;257.0;197.0;322.6666666666667;450.0;350.0;262.6666666666667;565.6666666666666;300.3333333333333;300.6666666666667;390.6666666666667;334.0;396.0;479.6666666666667;426.0;417.3333333333333;506.6666666666667;182.33333333333334;162.66666666666666;180.66666666666666;311.3333333333333;129.66666666666666;253.66666666666666;231.66666666666666;152.0;238.0;239.66666666666666;487.0;325.0;506.6666666666667;298.0;364.3333333333333;510.0;367.3333333333333;301.6666666666667;507.6666666666667;403.3333333333333;520.6666666666666;595.3333333333334;512.0;328.3333333333333;631.0;469.0;746.6666666666666;1055.3333333333333
5;6.0;215.25;331.6666666666667;130.66666666666666;202.0;333.0;188.33333333333334;448.3333333333333;277.3333333333333;358.6666666666667;414.25;360.0;214.0;485.75;335.3333333333333;1255.6666666666667;484.6666666666667;366.25;241.33333333333334;1074.0;745.3333333333334;1027.0;361.75;542.0;281.3333333333333;543.6666666666666;868.6666666666666;825.6666666666666;843.6666666666666;144.0;150.0;173.0;115.0;232.25;295.3333333333333;105.5;312.0;271.75;367.6666666666667;565.6666666666666;121.0;545.6;242.0;466.6666666666667;551.0;582.0;343.6666666666667;622.0;568.3333333333334;461.6;463.3333333333333;459.0;711.3333333333334;570.6666666666666;371.0;688.0;731.0;262.0;180.33333333333334;200.0;131.33333333333334;263.6666666666667;183.66666666666666;497.3333333333333;299.3333333333333;468.3333333333333;266.3333333333333;665.3333333333334;280.0;431.0;379.0;388.0;520.6666666666666;505.0;464.6666666666667;659.0;643.6666666666666;558.3333333333334;201.0;860.0;413.3333333333333;445.0;569.0;772.3333333333334;615.0;152.0;134.5;277.6666666666667;202.75;255.33333333333334;300.3333333333333;378.0;155.66666666666666;392.0;249.25;565.6666666666666;;371.3333333333333;289.6666666666667;339.5;679.0;331.0;552.0;535.0;885.6666666666666;581.5;356.6666666666667;466.0;348.0;723.0;936.3333333333334;634.5;651.25;250.33333333333334;200.2;102.0;126.75;183.75;261.0;269.5;184.5;454.3333333333333;;540.1666666666666;394.5;609.75;318.0;452.0;630.75;814.0;392.8;458.6666666666667;493.3333333333333;697.0;865.0;625.0;754.8;906.0;647.0;811.4;757.0
6;7.0;84.66666666666667;135.0;67.66666666666667;135.0;84.66666666666667;28.666666666666668;58.333333333333336;57.0;57.0;88.66666666666667;115.33333333333333;105.66666666666667;97.0;104.33333333333333;115.33333333333333;86.33333333333333;106.0;124.33333333333333;96.33333333333333;200.66666666666666;181.66666666666666;165.33333333333334;135.33333333333334;125.0;555.6666666666666;247.66666666666666;508.0;86.66666666666667;94.0;37.0;116.33333333333333;58.0;93.66666666666667;132.0;178.33333333333334;78.66666666666667;76.0;349.0;201.0;161.66666666666666;212.0;173.66666666666666;284.3333333333333;356.3333333333333;124.66666666666667;171.66666666666666;153.66666666666666;742.6666666666666;200.33333333333334;208.66666666666666;1124.3333333333333;342.6666666666667;767.6666666666666;468.0;735.3333333333334;731.3333333333334;67.0;113.33333333333333;109.66666666666667;77.33333333333333;114.33333333333333;133.66666666666666;125.66666666666667;143.0;172.0;154.33333333333334;152.0;86.33333333333333;164.33333333333334;356.6666666666667;593.0;978.3333333333334;645.0;167.0;491.0;240.33333333333334;260.6666666666667;341.0;458.6666666666667;222.0;296.3333333333333;764.3333333333334;407.0;808.6666666666666;374.6666666666667;127.33333333333333;64.33333333333333;133.33333333333334;471.0;201.66666666666666;197.66666666666666;150.33333333333334;201.66666666666666;207.66666666666666;447.0;66.66666666666667;299.3333333333333;279.3333333333333;449.3333333333333;618.3333333333334;219.0;162.0;208.33333333333334;810.0;115.33333333333333;299.6666666666667;296.6666666666667;276.6666666666667;348.6666666666667;369.3333333333333;422.0;558.0;75.66666666666667;69.0;112.0;253.66666666666666;124.33333333333333;144.66666666666666;181.0;176.33333333333334;467.6666666666667;268.3333333333333;551.0;124.33333333333333;1088.6666666666667;171.66666666666666;393.3333333333333;295.6666666666667;343.0;857.3333333333334;502.3333333333333;295.3333333333333;584.0;209.33333333333334;943.6666666666666;720.3333333333334;580.6666666666666;584.3333333333334;508.0;658.3333333333334
7;8.0;28.333333333333332;39.333333333333336;171.0;68.33333333333333;79.66666666666667;85.0;111.66666666666667;57.0;49.0;99.33333333333333;59.0;188.66666666666666;319.0;129.33333333333334;107.33333333333333;87.0;70.66666666666667;49.333333333333336;109.33333333333333;176.33333333333334;138.33333333333334;116.0;99.33333333333333;346.6666666666667;211.66666666666666;374.0;129.33333333333334;60.0;29.333333333333332;62.333333333333336;107.33333333333333;28.666666666666668;38.0;77.33333333333333;138.66666666666666;151.0;134.0;99.33333333333333;196.0;84.0;183.0;148.0;294.3333333333333;256.3333333333333;165.66666666666666;99.33333333333333;278.6666666666667;352.0;239.0;155.33333333333334;207.0;232.0;190.0;96.33333333333333;254.66666666666666;108.66666666666667;158.0;69.33333333333333;117.66666666666667;90.66666666666667;136.33333333333334;135.66666666666666;149.0;79.66666666666667;158.66666666666666;175.33333333333334;228.33333333333334;117.33333333333333;269.3333333333333;136.66666666666666;270.6666666666667;477.0;216.0;193.33333333333334;504.6666666666667;255.33333333333334;195.66666666666666;220.0;294.6666666666667;251.0;573.3333333333334;212.0;670.6666666666666;243.0;107.33333333333333;118.0;80.33333333333333;149.33333333333334;128.66666666666666;177.33333333333334;607.6666666666666;96.33333333333333;256.3333333333333;302.3333333333333;304.0;98.66666666666667;1183.0;205.66666666666666;282.3333333333333;297.3333333333333;208.33333333333334;203.0;350.0;429.6666666666667;283.0;237.33333333333334;397.6666666666667;294.3333333333333;257.6666666666667;185.66666666666666;1904.3333333333333;262.6666666666667;104.33333333333333;146.33333333333334;186.0;95.33333333333333;126.33333333333333;239.66666666666666;276.6666666666667;46.666666666666664;216.66666666666666;108.33333333333333;384.0;149.66666666666666;284.0;260.6666666666667;358.3333333333333;410.3333333333333;318.3333333333333;203.0;456.6666666666667;544.0;339.0;449.6666666666667;348.0;281.3333333333333;366.3333333333333;348.0;390.0;736.0
8;9.0;139.66666666666666;111.0;192.33333333333334;131.66666666666666;139.0;252.0;313.6666666666667;119.66666666666667;295.6666666666667;212.33333333333334;456.0;151.66666666666666;661.3333333333334;255.0;667.6666666666666;1826.3333333333333;386.0;420.3333333333333;180.0;791.0;435.0;411.0;860.0;499.3333333333333;625.0;893.6666666666666;873.3333333333334;2002.3333333333333;181.33333333333334;134.0;282.6666666666667;141.66666666666666;199.33333333333334;223.0;535.3333333333334;250.33333333333334;265.0;286.3333333333333;932.0;197.66666666666666;562.0;485.6666666666667;682.0;1001.0;464.6666666666667;847.0;872.6666666666666;1025.6666666666667;996.6666666666666;477.6666666666667;971.0;534.0;1079.0;1915.6666666666667;762.0;1249.3333333333333;233.66666666666666;230.33333333333334;209.33333333333334;260.6666666666667;192.0;432.3333333333333;369.3333333333333;221.0;354.6666666666667;448.6666666666667;793.6666666666666;303.0;400.6666666666667;775.3333333333334;434.3333333333333;936.0;536.0;636.0;800.3333333333334;1123.3333333333333;934.6666666666666;540.3333333333334;1392.0;1154.0;1283.6666666666667;2299.6666666666665;1875.3333333333333;4150.0;164.33333333333334;110.0;229.33333333333334;303.6666666666667;247.0;471.0;431.6666666666667;176.66666666666666;374.3333333333333;299.0;434.0;273.0;568.3333333333334;484.0;973.3333333333334;609.6666666666666;1035.0;434.3333333333333;818.3333333333334;912.3333333333334;716.0;527.3333333333334;1061.0;912.3333333333334;1245.6666666666667;986.3333333333334;2772.0;1331.3333333333333;183.66666666666666;252.33333333333334;217.66666666666666;230.66666666666666;220.0;400.6666666666667;316.6666666666667;173.33333333333334;241.33333333333334;253.33333333333334;701.3333333333334;154.33333333333334;422.6666666666667;322.6666666666667;523.6666666666666;518.0;473.3333333333333;295.6666666666667;835.0;615.3333333333334;308.3333333333333;457.6666666666667;772.0;335.6666666666667;701.3333333333334;587.0;845.3333333333334;465.3333333333333
9;10.0;47.333333333333336;38.333333333333336;78.33333333333333;75.0;100.33333333333333;115.0;118.33333333333333;89.0;118.33333333333333;77.0;79.66666666666667;115.66666666666667;167.66666666666666;221.0;455.6666666666667;784.6666666666666;220.66666666666666;148.66666666666666;383.3333333333333;168.66666666666666;135.66666666666666;59.666666666666664;150.0;264.6666666666667;171.0;313.6666666666667;121.33333333333333;128.33333333333334;66.66666666666667;120.66666666666667;127.66666666666667;88.66666666666667;88.33333333333333;160.66666666666666;116.66666666666667;86.66666666666667;173.66666666666666;176.66666666666666;244.0;130.0;262.0;201.33333333333334;255.66666666666666;403.0;250.33333333333334;185.66666666666666;563.0;302.6666666666667;157.66666666666666;186.0;234.33333333333334;153.0;402.0;207.66666666666666;453.0;209.0;51.333333333333336;71.66666666666667;104.66666666666667;114.33333333333333;76.33333333333333;172.0;245.33333333333334;60.0;151.66666666666666;157.66666666666666;340.3333333333333;99.66666666666667;335.3333333333333;149.66666666666666;262.0;337.6666666666667;257.6666666666667;228.33333333333334;208.66666666666666;339.6666666666667;160.0;67.0;323.0;276.6666666666667;207.66666666666666;972.6666666666666;250.66666666666666;324.6666666666667;140.0;128.33333333333334;126.0;107.66666666666667;207.0;185.0;162.33333333333334;84.0;245.0;227.33333333333334;280.6666666666667;193.33333333333334;223.33333333333334;199.0;277.0;381.0;313.6666666666667;130.33333333333334;460.6666666666667;470.3333333333333;374.0;210.0;234.33333333333334;316.3333333333333;368.6666666666667;563.6666666666666;475.6666666666667;348.6666666666667;98.0;135.33333333333334;223.33333333333334;148.33333333333334;161.66666666666666;148.66666666666666;185.0;128.66666666666666;209.66666666666666;241.66666666666666;498.6666666666667;107.33333333333333;323.6666666666667;218.33333333333334;322.0;520.6666666666666;260.3333333333333;304.3333333333333;318.3333333333333;420.0;509.6666666666667;245.33333333333334;378.3333333333333;240.33333333333334;284.0;296.6666666666667;529.3333333333334;381.3333333333333
10;11.0;174.0;302.3333333333333;401.3333333333333;440.6666666666667;159.66666666666666;480.6666666666667;342.3333333333333;395.6666666666667;650.0;768.3333333333334;263.3333333333333;942.0;884.0;422.6666666666667;1020.6666666666666;962.0;838.3333333333334;889.6666666666666;674.6666666666666;1506.0;849.0;995.3333333333334;1425.0;1429.3333333333333;1407.0;1399.3333333333333;2548.0;2674.3333333333335;230.0;364.6666666666667;275.6666666666667;253.66666666666666;151.0;261.6666666666667;414.6666666666667;151.66666666666666;465.0;476.0;625.0;132.33333333333334;689.6666666666666;663.6666666666666;857.6666666666666;699.0;534.3333333333334;863.0;862.6666666666666;871.0;864.0;1130.0;1145.3333333333333;703.6666666666666;945.0;1768.6666666666667;1597.3333333333333;2681.6666666666665;238.33333333333334;692.6666666666666;127.66666666666667;311.6666666666667;331.0;1154.0;587.6666666666666;326.0;1513.6666666666667;1016.6666666666666;857.6666666666666;512.6666666666666;359.0;785.3333333333334;1411.0;1058.3333333333333;4128.333333333333;746.3333333333334;1823.0;3919.6666666666665;871.6666666666666;1243.6666666666667;1426.3333333333333;1256.3333333333333;1517.6666666666667;4057.6666666666665;1212.3333333333333;2285.6666666666665;210.0;423.6666666666667;181.0;449.6666666666667;558.6666666666666;544.3333333333334;241.0;455.6666666666667;703.3333333333334;482.0;998.3333333333334;1052.6666666666667;957.0;656.3333333333334;447.3333333333333;726.3333333333334;1454.3333333333333;896.0;1087.3333333333333;596.3333333333334;701.6666666666666;552.6666666666666;1272.6666666666667;723.0;1166.6666666666667;2318.0;3307.0;2273.6666666666665;439.0;399.6666666666667;171.0;390.6666666666667;190.66666666666666;417.3333333333333;652.6666666666666;178.66666666666666;505.6666666666667;675.6666666666666;735.0;623.3333333333334;916.3333333333334;781.3333333333334;1223.3333333333333;1912.0;1450.0;1121.0;1054.0;867.3333333333334;1200.3333333333333;1971.6666666666667;878.3333333333334;1168.0;2267.0;1767.0;1956.6666666666667;1909.6666666666667
11;12.0;86.66666666666667;118.0;343.6666666666667;218.66666666666666;57.666666666666664;172.0;170.66666666666666;268.6666666666667;250.0;518.3333333333334;260.6666666666667;141.0;279.0;905.6666666666666;594.3333333333334;323.0;208.0;134.33333333333334;471.3333333333333;858.6666666666666;161.33333333333334;200.66666666666666;493.0;532.0;510.6666666666667;287.6666666666667;1156.6666666666667;4734.666666666667;122.66666666666667;132.66666666666666;364.0;67.33333333333333;80.33333333333333;164.66666666666666;310.3333333333333;70.0;405.3333333333333;476.0;340.3333333333333;151.0;419.0;204.0;454.0;641.6666666666666;500.3333333333333;303.3333333333333;486.3333333333333;422.6666666666667;326.0;303.0;1440.3333333333333;1721.3333333333333;1073.3333333333333;266.0;599.3333333333334;3393.3333333333335;162.33333333333334;252.33333333333334;95.66666666666667;131.0;71.33333333333333;228.66666666666666;161.0;72.66666666666667;283.6666666666667;325.3333333333333;504.3333333333333;201.0;457.3333333333333;201.0;168.66666666666666;462.3333333333333;457.0;851.3333333333334;745.3333333333334;397.0;324.3333333333333;213.0;936.3333333333334;1149.0;524.0;288.0;693.6666666666666;1671.6666666666667;153.33333333333334;123.0;139.33333333333334;152.33333333333334;284.0;436.0;250.66666666666666;112.66666666666667;307.0;245.0;416.0;287.0;654.6666666666666;234.33333333333334;349.6666666666667;683.3333333333334;640.6666666666666;610.3333333333334;686.3333333333334;878.6666666666666;627.0;619.3333333333334;1042.6666666666667;740.3333333333334;546.6666666666666;1654.3333333333333;2145.3333333333335;748.3333333333334;170.66666666666666;151.33333333333334;112.66666666666667;223.33333333333334;252.66666666666666;295.0;298.6666666666667;455.6666666666667;548.3333333333334;446.6666666666667;527.0;391.6666666666667;486.6666666666667;304.3333333333333;428.3333333333333;803.3333333333334;433.3333333333333;261.3333333333333;731.3333333333334;914.3333333333334;431.3333333333333;459.6666666666667;507.0;367.0;1299.3333333333333;560.0;746.0;1506.6666666666667
12;13.0;69.0;89.66666666666667;101.33333333333333;118.33333333333333;121.33333333333333;109.33333333333333;132.66666666666666;81.0;151.66666666666666;180.0;133.0;58.666666666666664;126.66666666666667;176.33333333333334;173.0;253.0;222.0;94.33333333333333;299.0;267.3333333333333;449.0;424.0;267.3333333333333;267.3333333333333;346.0;120.66666666666667;980.6666666666666;456.3333333333333;160.66666666666666;58.0;87.66666666666667;99.66666666666667;245.0;231.66666666666666;81.0;58.0;287.3333333333333;179.66666666666666;467.6666666666667;121.0;363.0;237.0;160.0;500.3333333333333;258.0;340.0;540.0;896.0;307.3333333333333;153.33333333333334;278.3333333333333;339.6666666666667;1363.6666666666667;319.6666666666667;368.3333333333333;714.0;119.0;230.66666666666666;88.33333333333333;136.33333333333334;108.33333333333333;241.66666666666666;216.0;90.66666666666667;156.66666666666666;166.66666666666666;365.3333333333333;210.66666666666666;215.0;159.33333333333334;273.3333333333333;576.6666666666666;337.3333333333333;232.0;359.3333333333333;837.0;374.3333333333333;141.0;446.3333333333333;367.3333333333333;510.6666666666667;285.3333333333333;282.6666666666667;324.6666666666667;100.33333333333333;120.33333333333333;152.66666666666666;126.0;109.33333333333333;190.0;269.6666666666667;138.33333333333334;302.0;197.33333333333334;580.0;203.0;338.3333333333333;331.3333333333333;421.0;349.0;496.0;426.6666666666667;474.0;521.3333333333334;274.0;400.6666666666667;465.6666666666667;306.3333333333333;583.0;414.3333333333333;406.3333333333333;360.6666666666667;244.66666666666666;212.0;149.66666666666666;123.33333333333333;200.33333333333334;296.0;264.0;216.66666666666666;326.6666666666667;164.33333333333334;467.0;154.66666666666666;415.3333333333333;281.6666666666667;659.3333333333334;586.3333333333334;295.6666666666667;308.0;532.3333333333334;735.3333333333334;325.6666666666667;134.33333333333334;945.3333333333334;530.3333333333334;739.0;561.6666666666666;441.6666666666667;452.6666666666667
13;14.0;111.66666666666667;81.66666666666667;164.33333333333334;83.33333333333333;101.66666666666667;156.66666666666666;207.66666666666666;100.66666666666667;492.6666666666667;159.33333333333334;287.0;91.33333333333333;400.0;472.0;776.6666666666666;659.0;267.6666666666667;567.0;509.3333333333333;739.6666666666666;297.6666666666667;456.6666666666667;523.0;357.0;491.0;747.6666666666666;307.0;454.3333333333333;160.66666666666666;141.66666666666666;271.6666666666667;141.33333333333334;133.33333333333334;229.66666666666666;235.33333333333334;116.33333333333333;286.3333333333333;380.6666666666667;470.6666666666667;186.0;484.0;397.3333333333333;423.3333333333333;456.3333333333333;399.0;290.6666666666667;379.6666666666667;363.3333333333333;632.3333333333334;337.3333333333333;716.3333333333334;887.0;392.6666666666667;300.3333333333333;570.6666666666666;440.3333333333333;152.0;134.0;194.66666666666666;135.0;140.66666666666666;390.6666666666667;256.6666666666667;124.33333333333333;254.0;172.33333333333334;401.6666666666667;265.0;437.0;384.0;364.6666666666667;617.3333333333334;378.3333333333333;296.3333333333333;520.0;512.3333333333334;551.6666666666666;311.6666666666667;625.0;615.3333333333334;705.0;631.3333333333334;759.3333333333334;801.0;548.0;164.66666666666666;151.0;256.6666666666667;175.33333333333334;458.3333333333333;367.0;197.0;240.0;322.3333333333333;557.6666666666666;275.0;612.6666666666666;523.0;569.0;535.3333333333334;590.3333333333334;290.3333333333333;496.6666666666667;854.6666666666666;540.0;335.6666666666667;448.3333333333333;590.6666666666666;499.6666666666667;603.6666666666666;643.0;871.6666666666666;170.33333333333334;175.66666666666666;174.33333333333334;174.0;341.6666666666667;316.3333333333333;442.6666666666667;160.66666666666666;300.0;358.0;504.3333333333333;265.0;452.6666666666667;416.0;516.6666666666666;603.3333333333334;449.6666666666667;308.3333333333333;462.0;738.6666666666666;544.0;586.0;774.6666666666666;511.0;487.3333333333333;610.3333333333334;697.3333333333334;582.0
14;15.0;27.666666666666668;57.333333333333336;65.33333333333333;116.0;57.666666666666664;199.0;649.3333333333334;139.33333333333334;414.6666666666667;305.6666666666667;281.0;197.33333333333334;1229.6666666666667;697.3333333333334;439.3333333333333;423.6666666666667;712.3333333333334;993.6666666666666;367.3333333333333;723.0;462.0;1350.0;286.0;493.6666666666667;2024.3333333333333;1717.6666666666667;3533.0;3710.6666666666665;66.33333333333333;169.33333333333334;210.33333333333334;141.66666666666666;76.66666666666667;226.0;272.3333333333333;113.66666666666667;179.33333333333334;258.0;389.6666666666667;135.0;227.66666666666666;240.66666666666666;296.3333333333333;1165.0;333.6666666666667;567.0;483.6666666666667;736.0;248.33333333333334;1437.0;381.6666666666667;1492.6666666666667;532.0;542.6666666666666;5500.666666666667;4212.0;120.33333333333333;122.66666666666667;152.0;91.33333333333333;215.0;329.3333333333333;170.0;86.66666666666667;353.3333333333333;362.6666666666667;493.6666666666667;227.66666666666666;629.3333333333334;297.3333333333333;2240.0;1038.3333333333333;685.0;275.0;602.0;1036.0;550.3333333333334;1215.6666666666667;748.0;530.6666666666666;2389.3333333333335;308.3333333333333;1081.3333333333333;866.6666666666666;75.0;85.0;133.33333333333334;143.0;114.33333333333333;255.66666666666666;154.66666666666666;171.33333333333334;210.0;391.3333333333333;363.3333333333333;104.33333333333333;371.3333333333333;438.6666666666667;857.6666666666666;753.0;331.3333333333333;407.6666666666667;7662.0;699.6666666666666;584.3333333333334;447.3333333333333;763.6666666666666;324.0;462.6666666666667;1470.3333333333333;1098.6666666666667;2617.0;113.33333333333333;250.33333333333334;291.3333333333333;123.66666666666667;230.33333333333334;208.66666666666666;263.0;131.66666666666666;316.6666666666667;257.6666666666667;282.6666666666667;625.3333333333334;362.0;448.6666666666667;544.0;691.0;466.3333333333333;738.0;853.3333333333334;523.3333333333334;681.6666666666666;1988.0;450.0;554.0;571.6666666666666;615.3333333333334;1642.6666666666667;4777.666666666667
15;16.0;88.0;203.66666666666666;418.3333333333333;277.0;212.66666666666666;424.0;145.66666666666666;110.0;621.3333333333334;270.6666666666667;575.6666666666666;217.66666666666666;677.3333333333334;781.6666666666666;563.3333333333334;802.3333333333334;237.66666666666666;1051.3333333333333;858.3333333333334;690.0;982.6666666666666;851.3333333333334;625.6666666666666;414.6666666666667;1083.3333333333333;2863.3333333333335;1006.0;3199.0;256.6666666666667;307.3333333333333;88.0;230.66666666666666;423.6666666666667;311.0;221.66666666666666;448.0;339.6666666666667;495.3333333333333;558.0;453.6666666666667;779.0;1058.0;427.0;921.3333333333334;628.0;432.0;1125.3333333333333;355.6666666666667;1050.3333333333333;239.33333333333334;991.6666666666666;972.6666666666666;1570.3333333333333;2548.0;2382.3333333333335;2243.3333333333335;88.0;176.66666666666666;288.6666666666667;330.6666666666667;387.6666666666667;221.66666666666666;467.3333333333333;89.33333333333333;315.3333333333333;429.3333333333333;587.3333333333334;753.6666666666666;684.0;639.6666666666666;441.3333333333333;1060.6666666666667;434.0;475.0;762.6666666666666;962.3333333333334;700.0;477.0;1665.6666666666667;1573.6666666666667;1142.3333333333333;634.3333333333334;1413.0;2635.6666666666665;275.3333333333333;238.33333333333334;511.6666666666667;148.0;141.0;674.6666666666666;286.0;294.6666666666667;448.3333333333333;408.6666666666667;921.0;298.6666666666667;574.6666666666666;454.0;794.6666666666666;840.3333333333334;796.3333333333334;344.6666666666667;986.0;935.6666666666666;913.3333333333334;485.6666666666667;1258.3333333333333;947.0;1369.0;877.3333333333334;1402.0;1887.6666666666667;428.6666666666667;468.3333333333333;273.3333333333333;370.0;247.0;335.6666666666667;456.6666666666667;665.0;955.0;411.6666666666667;638.3333333333334;123.0;981.0;1030.6666666666667;1058.3333333333333;1193.0;1065.6666666666667;862.6666666666666;1207.6666666666667;1392.3333333333333;1002.3333333333334;1350.3333333333333;1401.3333333333333;1641.6666666666667;1201.6666666666667;2568.6666666666665;945.3333333333334;3873.6666666666665
16;17.0;119.33333333333333;81.33333333333333;657.6666666666666;137.33333333333334;312.3333333333333;530.3333333333334;308.3333333333333;204.66666666666666;282.3333333333333;435.0;358.3333333333333;445.3333333333333;464.0;599.3333333333334;842.0;758.6666666666666;431.3333333333333;515.6666666666666;1140.6666666666667;811.0;985.6666666666666;277.3333333333333;693.0;475.6666666666667;932.0;1223.0;1627.3333333333333;1122.3333333333333;405.3333333333333;168.66666666666666;181.66666666666666;395.6666666666667;701.3333333333334;746.6666666666666;383.3333333333333;228.0;1137.0;443.0;1191.3333333333333;117.0;1413.6666666666667;1417.6666666666667;686.6666666666666;792.0;941.0;491.3333333333333;2783.6666666666665;815.3333333333334;555.0;680.0;4028.3333333333335;1154.3333333333333;3086.0;328.0;897.0;1278.0;139.33333333333334;138.33333333333334;174.66666666666666;169.0;118.0;247.0;449.3333333333333;181.0;408.3333333333333;372.0;701.6666666666666;162.0;502.0;542.3333333333334;488.6666666666667;965.0;532.0;423.0;728.0;1409.0;931.0;480.6666666666667;956.6666666666666;833.3333333333334;762.6666666666666;1180.6666666666667;1120.3333333333333;2470.3333333333335;193.66666666666666;213.33333333333334;185.66666666666666;189.33333333333334;219.0;466.0;340.6666666666667;180.33333333333334;464.3333333333333;320.0;344.0;167.33333333333334;530.0;328.0;632.0;795.3333333333334;698.6666666666666;504.6666666666667;909.3333333333334;865.0;389.6666666666667;677.3333333333334;740.6666666666666;706.3333333333334;1344.6666666666667;541.6666666666666;513.3333333333334;1333.3333333333333;177.33333333333334;271.3333333333333;188.33333333333334;271.6666666666667;199.33333333333334;508.0;349.0;374.0;386.3333333333333;338.3333333333333;545.6666666666666;435.0;618.0;447.3333333333333;308.6666666666667;546.0;729.0;366.6666666666667;649.0;433.3333333333333;458.0;765.6666666666666;607.0;573.6666666666666;568.3333333333334;1037.0;999.3333333333334;2760.3333333333335
17;18.0;29.0;43.5;30.666666666666668;56.0;;72.8;62.4;52.5;60.0;72.5;112.66666666666667;;117.0;59.0;110.0;146.66666666666666;163.5;56.0;147.33333333333334;117.0;;84.0;139.0;74.25;145.0;;126.5;94.0;35.75;48.4;28.0;64.0;48.0;59.0;86.25;50.333333333333336;66.33333333333333;90.0;114.0;41.0;111.6;82.5;135.4;146.5;116.25;87.0;;138.33333333333334;107.8;;141.0;139.5;93.0;123.4;197.0;132.4;54.0;46.0;120.5;62.166666666666664;443.3333333333333;194.5;195.5;58.6;108.5;109.6;125.8;123.25;180.33333333333334;140.2;173.0;160.33333333333334;122.5;127.8;210.0;158.2;342.6666666666667;323.0;154.33333333333334;163.66666666666666;967.0;188.33333333333334;183.0;603.6666666666666;290.0;49.0;57.0;59.666666666666664;52.0;102.0;88.66666666666667;80.66666666666667;137.0;121.33333333333333;125.33333333333333;70.33333333333333;146.0;98.0;122.0;249.75;541.6666666666666;119.5;229.5;238.66666666666666;94.5;87.0;356.0;117.75;142.0;808.3333333333334;156.25;2467.0;70.33333333333333;29.0;59.666666666666664;39.666666666666664;1504.6666666666667;121.0;137.33333333333334;337.0;122.66666666666667;90.0;581.6666666666666;215.33333333333334;;70.33333333333333;157.0;233.33333333333334;287.3333333333333;;131.66666666666666;171.66666666666666;181.0;;167.5;81.0;1147.6666666666667;106.5;337.0;164.0
18;19.0;221.0;58.333333333333336;96.33333333333333;86.33333333333333;183.0;270.3333333333333;407.6666666666667;248.66666666666666;354.0;404.3333333333333;542.0;199.0;609.0;296.3333333333333;548.6666666666666;1162.0;686.6666666666666;1058.3333333333333;871.6666666666666;1268.6666666666667;1150.3333333333333;651.0;1338.3333333333333;1029.6666666666667;1243.6666666666667;1408.3333333333333;2199.6666666666665;1587.6666666666667;124.33333333333333;125.33333333333333;68.66666666666667;123.33333333333333;602.3333333333334;246.33333333333334;249.33333333333334;135.0;123.0;237.33333333333334;466.0;366.3333333333333;375.0;325.3333333333333;316.3333333333333;587.0;570.6666666666666;841.3333333333334;2131.0;640.3333333333334;478.6666666666667;277.3333333333333;952.0;1215.6666666666667;1093.3333333333333;1435.6666666666667;1106.6666666666667;2245.3333333333335;229.0;115.33333333333333;105.33333333333333;182.66666666666666;266.0;259.6666666666667;374.6666666666667;243.66666666666666;303.6666666666667;229.0;623.0;250.66666666666666;457.3333333333333;406.3333333333333;565.3333333333334;794.6666666666666;558.6666666666666;388.0;1557.0;742.3333333333334;669.3333333333334;1122.6666666666667;1255.0;606.3333333333334;1473.3333333333333;974.0;1455.3333333333333;2181.0;179.66666666666666;190.33333333333334;133.0;132.0;238.33333333333334;316.6666666666667;390.0;193.66666666666666;321.3333333333333;416.0;484.6666666666667;381.6666666666667;537.6666666666666;390.6666666666667;842.3333333333334;666.3333333333334;464.0;299.3333333333333;813.6666666666666;1171.6666666666667;600.3333333333334;677.0;694.0;673.6666666666666;1492.0;622.3333333333334;1426.0;1508.3333333333333;125.0;165.66666666666666;105.0;259.6666666666667;175.33333333333334;366.0;323.3333333333333;199.33333333333334;567.0;468.0;529.0;176.66666666666666;708.3333333333334;416.6666666666667;876.3333333333334;741.0;703.3333333333334;707.6666666666666;710.6666666666666;992.6666666666666;750.6666666666666;592.6666666666666;927.3333333333334;730.6666666666666;1376.3333333333333;1261.6666666666667;943.3333333333334;1339.0
19;20.0;127.0;190.66666666666666;420.0;151.0;461.0;378.0;674.6666666666666;181.0;387.0;358.3333333333333;469.3333333333333;408.3333333333333;243.66666666666666;352.6666666666667;674.6666666666666;722.6666666666666;958.6666666666666;845.0;1000.6666666666666;899.6666666666666;734.3333333333334;707.0;1883.3333333333333;956.6666666666666;1282.3333333333333;1723.3333333333333;1959.0;3061.6666666666665;331.0;118.33333333333333;162.66666666666666;191.0;189.33333333333334;421.6666666666667;350.3333333333333;438.0;558.0;633.0;1174.3333333333333;693.6666666666666;661.0;796.6666666666666;1437.3333333333333;1006.0;674.0;2009.0;1129.3333333333333;1008.6666666666666;1232.0;1066.6666666666667;1313.0;1044.3333333333333;1684.0;1804.3333333333333;1887.6666666666667;2805.6666666666665;132.33333333333334;167.66666666666666;151.0;161.33333333333334;241.33333333333334;470.6666666666667;416.0;284.3333333333333;456.3333333333333;416.6666666666667;572.3333333333334;184.0;799.6666666666666;707.3333333333334;660.6666666666666;1627.3333333333333;373.6666666666667;1068.3333333333333;1520.0;1005.0;1386.6666666666667;1103.3333333333333;1554.0;815.6666666666666;1225.6666666666667;3091.3333333333335;3449.0;3137.3333333333335;200.0;230.66666666666666;194.66666666666666;122.33333333333333;193.66666666666666;282.0;372.0;235.33333333333334;400.0;422.3333333333333;581.0;539.3333333333334;769.6666666666666;698.3333333333334;727.0;1374.0;680.6666666666666;685.6666666666666;1156.0;2561.6666666666665;1075.0;756.6666666666666;948.6666666666666;883.3333333333334;1921.0;1498.0;2341.0;1952.6666666666667;179.66666666666666;271.6666666666667;271.6666666666667;1287.0;204.66666666666666;572.3333333333334;519.6666666666666;446.6666666666667;842.3333333333334;472.0;785.0;417.6666666666667;634.3333333333334;532.0;805.0;1076.3333333333333;842.0;504.6666666666667;1058.0;1052.3333333333333;773.6666666666666;748.6666666666666;1676.3333333333333;1874.3333333333333;1019.0;2016.6666666666667;2230.0;1648.0
20;21.0;76.0;47.333333333333336;59.333333333333336;38.0;40.0;95.66666666666667;99.33333333333333;93.66666666666667;105.0;97.33333333333333;78.33333333333333;133.66666666666666;127.33333333333333;120.33333333333333;104.66666666666667;154.66666666666666;210.33333333333334;147.0;144.0;90.0;129.0;118.0;178.66666666666666;57.666666666666664;312.3333333333333;58.0;137.33333333333334;134.33333333333334;50.0;28.666666666666668;58.333333333333336;58.666666666666664;49.333333333333336;79.66666666666667;101.0;126.66666666666667;98.66666666666667;77.66666666666667;203.33333333333334;61.0;157.33333333333334;112.33333333333333;180.33333333333334;145.33333333333334;149.0;96.66666666666667;296.3333333333333;147.66666666666666;131.0;152.66666666666666;207.33333333333334;177.33333333333334;439.0;193.0;155.33333333333334;268.3333333333333;79.66666666666667;359.3333333333333;78.33333333333333;231.0;96.0;298.0;107.0;106.0;288.0;105.0;115.33333333333333;39.333333333333336;372.3333333333333;125.0;518.0;278.3333333333333;811.6666666666666;114.66666666666667;194.66666666666666;247.0;140.66666666666666;94.66666666666667;168.33333333333334;398.3333333333333;417.6666666666667;102.66666666666667;222.33333333333334;209.66666666666666;56.0;58.333333333333336;122.0;29.0;134.66666666666666;101.0;149.66666666666666;112.66666666666667;104.33333333333333;161.66666666666666;104.66666666666667;57.0;225.33333333333334;87.33333333333333;166.66666666666666;333.0;127.33333333333333;209.33333333333334;236.33333333333334;227.33333333333334;485.3333333333333;142.0;253.33333333333334;142.66666666666666;175.0;98.66666666666667;446.3333333333333;193.66666666666666;279.0;50.0;173.0;68.66666666666667;60.666666666666664;305.0;158.33333333333334;80.0;114.66666666666667;455.3333333333333;182.0;444.3333333333333;213.66666666666666;69.33333333333333;200.33333333333334;632.6666666666666;139.33333333333334;129.66666666666666;260.3333333333333;310.6666666666667;131.0;159.33333333333334;825.6666666666666;731.6666666666666;406.6666666666667;186.66666666666666;416.3333333333333;221.66666666666666
21;22.0;301.3333333333333;83.66666666666667;116.66666666666667;126.33333333333333;217.0;210.33333333333334;132.0;207.33333333333334;211.66666666666666;94.33333333333333;324.0;207.66666666666666;455.0;434.6666666666667;573.3333333333334;494.6666666666667;562.6666666666666;487.0;414.6666666666667;573.6666666666666;421.6666666666667;218.0;508.6666666666667;953.6666666666666;711.3333333333334;627.0;1215.3333333333333;629.0;96.66666666666667;87.66666666666667;614.0;99.33333333333333;232.33333333333334;126.33333333333333;236.0;179.33333333333334;197.33333333333334;402.6666666666667;305.0;439.6666666666667;371.3333333333333;316.0;2249.3333333333335;613.6666666666666;619.3333333333334;236.66666666666666;867.3333333333334;766.3333333333334;1975.6666666666667;250.0;612.6666666666666;720.3333333333334;1076.0;2130.6666666666665;898.3333333333334;6301.666666666667;117.66666666666667;86.0;106.66666666666667;153.0;335.3333333333333;140.66666666666666;189.33333333333334;210.33333333333334;326.6666666666667;147.0;281.0;339.3333333333333;758.3333333333334;181.33333333333334;655.0;710.3333333333334;449.3333333333333;280.3333333333333;876.6666666666666;578.0;6138.666666666667;2572.3333333333335;1279.0;380.3333333333333;1215.0;2147.6666666666665;1097.0;1768.6666666666667;164.33333333333334;98.0;428.6666666666667;164.66666666666666;101.66666666666667;315.6666666666667;232.33333333333334;108.33333333333333;97.66666666666667;272.3333333333333;406.0;1090.6666666666667;437.0;274.6666666666667;348.6666666666667;564.3333333333334;2118.3333333333335;181.0;643.3333333333334;577.0;356.0;477.0;840.6666666666666;498.6666666666667;705.3333333333334;387.0;1262.0;4477.333333333333;155.33333333333334;117.66666666666667;110.66666666666667;148.66666666666666;149.33333333333334;231.66666666666666;490.6666666666667;98.0;421.6666666666667;413.3333333333333;452.0;109.0;335.3333333333333;219.33333333333334;700.6666666666666;772.0;405.3333333333333;311.0;578.0;1527.0;760.6666666666666;506.3333333333333;1419.3333333333333;470.6666666666667;1082.6666666666667;866.0;825.0;868.0
22;23.0;195.66666666666666;69.0;39.333333333333336;98.0;59.666666666666664;57.666666666666664;99.0;48.666666666666664;102.0;87.0;50.0;69.66666666666667;127.0;90.0;321.0;141.66666666666666;397.3333333333333;80.66666666666667;186.0;100.33333333333333;463.3333333333333;91.0;164.66666666666666;133.33333333333334;554.0;180.66666666666666;100.33333333333333;392.3333333333333;48.666666666666664;49.0;307.0;40.333333333333336;50.333333333333336;368.6666666666667;69.66666666666667;70.0;98.33333333333333;181.33333333333334;99.0;87.66666666666667;137.33333333333334;128.66666666666666;496.6666666666667;519.6666666666666;100.0;195.33333333333334;238.33333333333334;258.3333333333333;165.0;109.66666666666667;827.0;225.33333333333334;194.33333333333334;120.33333333333333;186.66666666666666;152.66666666666666;68.0;68.0;58.0;50.666666666666664;79.66666666666667;77.66666666666667;606.0;99.33333333333333;120.0;98.0;333.3333333333333;77.0;508.3333333333333;402.6666666666667;434.6666666666667;618.3333333333334;220.0;110.0;384.0;1744.3333333333333;138.0;1235.0;531.3333333333334;1055.0;306.0;200.0;741.3333333333334;2561.0;58.0;104.66666666666667;121.0;112.66666666666667;58.0;120.33333333333333;173.0;240.0;149.0;241.66666666666666;852.6666666666666;166.66666666666666;161.0;191.33333333333334;109.66666666666667;459.3333333333333;232.33333333333334;225.33333333333334;572.6666666666666;278.6666666666667;398.0;277.3333333333333;340.0;180.0;224.66666666666666;259.3333333333333;319.6666666666667;478.6666666666667;125.66666666666667;190.33333333333334;47.666666666666664;79.0;135.66666666666666;231.33333333333334;170.0;691.0;157.66666666666666;176.0;915.6666666666666;108.66666666666667;439.3333333333333;240.66666666666666;239.0;565.0;460.0;526.0;297.3333333333333;323.0;667.3333333333334;313.3333333333333;800.6666666666666;274.6666666666667;746.0;300.0;445.3333333333333;875.0
23;24.0;256.3333333333333;176.66666666666666;163.0;353.6666666666667;476.0;804.3333333333334;359.0;480.3333333333333;251.66666666666666;444.6666666666667;804.0;90.33333333333333;664.3333333333334;412.3333333333333;268.3333333333333;664.0;592.6666666666666;1098.3333333333333;828.6666666666666;1655.0;941.0;1445.3333333333333;1136.6666666666667;1663.3333333333333;1371.0;2005.6666666666667;2386.0;4522.666666666667;241.33333333333334;92.33333333333333;210.33333333333334;367.6666666666667;120.66666666666667;405.6666666666667;249.33333333333334;167.66666666666666;457.6666666666667;209.0;312.6666666666667;242.0;593.3333333333334;572.6666666666666;549.6666666666666;583.3333333333334;468.3333333333333;444.6666666666667;724.3333333333334;1027.3333333333333;758.6666666666666;597.6666666666666;1229.6666666666667;1053.3333333333333;786.3333333333334;1131.3333333333333;1036.3333333333333;2715.3333333333335;67.33333333333333;187.33333333333334;226.33333333333334;180.0;233.0;341.3333333333333;331.0;119.33333333333333;526.0;890.6666666666666;551.0;350.0;676.0;424.6666666666667;465.6666666666667;943.3333333333334;977.6666666666666;442.6666666666667;1082.3333333333333;1152.3333333333333;441.0;950.3333333333334;1296.6666666666667;564.3333333333334;1578.6666666666667;1243.0;1243.6666666666667;2440.3333333333335;150.33333333333334;270.6666666666667;229.66666666666666;232.0;360.0;373.3333333333333;397.3333333333333;181.66666666666666;359.6666666666667;197.33333333333334;562.6666666666666;438.3333333333333;485.6666666666667;228.0;567.0;668.6666666666666;348.6666666666667;362.6666666666667;647.0;541.3333333333334;765.3333333333334;998.6666666666666;1063.3333333333333;1455.6666666666667;1704.3333333333333;1658.0;1049.6666666666667;1638.6666666666667;201.33333333333334;249.66666666666666;181.33333333333334;240.0;366.3333333333333;396.3333333333333;271.6666666666667;151.66666666666666;353.0;233.66666666666666;704.6666666666666;282.6666666666667;507.3333333333333;435.0;672.3333333333334;1089.0;969.6666666666666;624.6666666666666;740.3333333333334;1262.0;722.6666666666666;1035.3333333333333;1014.3333333333334;767.6666666666666;1981.3333333333333;834.0;424.0;3709.0
24;25.0;49.0;48.666666666666664;49.333333333333336;74.66666666666667;165.0;69.66666666666667;88.66666666666667;51.0;74.66666666666667;69.66666666666667;159.33333333333334;49.333333333333336;339.0;120.66666666666667;79.66666666666667;407.3333333333333;141.0;97.66666666666667;269.0;615.3333333333334;215.0;78.0;129.33333333333334;298.0;559.3333333333334;206.0;499.3333333333333;594.6666666666666;61.333333333333336;70.33333333333333;40.666666666666664;71.66666666666667;70.33333333333333;79.66666666666667;81.33333333333333;40.0;174.66666666666666;101.33333333333333;182.33333333333334;70.66666666666667;205.66666666666666;142.66666666666666;231.33333333333334;259.6666666666667;141.66666666666666;80.0;369.3333333333333;423.6666666666667;238.33333333333334;249.33333333333334;219.0;221.33333333333334;377.0;292.6666666666667;164.33333333333334;213.33333333333334;49.333333333333336;82.0;71.0;72.0;49.666666666666664;112.0;121.33333333333333;69.66666666666667;101.0;128.0;117.66666666666667;82.33333333333333;126.33333333333333;180.33333333333334;174.0;151.33333333333334;191.33333333333334;121.0;243.33333333333334;203.33333333333334;348.6666666666667;110.33333333333333;324.3333333333333;100.0;501.0;141.66666666666666;182.0;260.6666666666667;95.33333333333333;116.0;57.333333333333336;68.66666666666667;299.3333333333333;161.33333333333334;159.33333333333334;324.3333333333333;150.33333333333334;612.3333333333334;242.0;80.66666666666667;208.33333333333334;125.0;166.66666666666666;729.6666666666666;397.0;655.3333333333334;347.6666666666667;742.3333333333334;472.3333333333333;249.33333333333334;483.6666666666667;217.33333333333334;358.0;582.6666666666666;342.6666666666667;168.66666666666666;90.66666666666667;75.66666666666667;49.0;166.0;126.66666666666667;117.0;227.33333333333334;120.66666666666667;356.3333333333333;139.33333333333334;333.6666666666667;136.33333333333334;466.6666666666667;117.66666666666667;220.33333333333334;314.3333333333333;268.0;150.66666666666666;475.3333333333333;461.6666666666667;316.6666666666667;100.33333333333333;456.0;339.0;431.6666666666667;873.6666666666666;282.0;151.33333333333334
25;26.0;501.3333333333333;801.3333333333334;826.0;269.0;674.6666666666666;181.66666666666666;141.33333333333334;372.3333333333333;1179.0;1111.6666666666667;1437.6666666666667;681.0;1703.0;400.3333333333333;1695.6666666666667;1944.3333333333333;1401.0;1598.3333333333333;1966.6666666666667;2910.0;1334.0;1701.0;1399.3333333333333;1520.0;1426.6666666666667;5181.666666666667;2657.0;2978.0;214.66666666666666;540.6666666666666;370.6666666666667;193.0;152.33333333333334;413.6666666666667;512.0;941.3333333333334;598.0;1651.3333333333333;896.0;1067.3333333333333;533.0;1545.3333333333333;1471.3333333333333;942.3333333333334;1082.6666666666667;1463.0;1403.6666666666667;1356.0;2141.6666666666665;972.6666666666666;583.0;1962.6666666666667;1777.6666666666667;1850.0;2517.3333333333335;3972.3333333333335;110.33333333333333;429.3333333333333;87.33333333333333;529.6666666666666;624.3333333333334;295.6666666666667;263.3333333333333;281.3333333333333;1090.3333333333333;673.3333333333334;1424.0;913.3333333333334;984.6666666666666;270.6666666666667;1934.6666666666667;961.6666666666666;1099.3333333333333;312.3333333333333;2140.6666666666665;1254.3333333333333;519.0;1065.0;519.3333333333334;1188.0;1424.3333333333333;4299.333333333333;1563.0;3141.3333333333335;120.66666666666667;1195.0;184.33333333333334;756.6666666666666;1390.6666666666667;932.6666666666666;441.6666666666667;1597.6666666666667;310.3333333333333;661.3333333333334;551.0;922.3333333333334;4766.333333333333;1734.0;987.0;1119.6666666666667;939.6666666666666;646.6666666666666;2547.6666666666665;2575.6666666666665;1691.0;1685.3333333333333;1358.6666666666667;1949.0;3096.6666666666665;2363.6666666666665;6403.666666666667;5447.666666666667;428.6666666666667;836.3333333333334;571.0;1033.3333333333333;1250.3333333333333;775.3333333333334;1357.0;314.6666666666667;699.3333333333334;1057.0;1503.0;852.6666666666666;2080.6666666666665;1128.6666666666667;1946.6666666666667;2582.0;2042.6666666666667;751.3333333333334;1297.0;3334.0;3160.0;1864.0;2609.6666666666665;2836.6666666666665;3670.6666666666665;2303.3333333333335;5435.0;7027.0
26;27.0;182.0;139.66666666666666;408.3333333333333;432.3333333333333;205.33333333333334;721.0;806.3333333333334;1799.6666666666667;1151.6666666666667;1393.6666666666667;1456.3333333333333;1139.6666666666667;1868.3333333333333;1483.3333333333333;3276.0;1896.6666666666667;1962.0;1436.0;3020.3333333333335;2753.3333333333335;2129.0;2479.6666666666665;3961.0;3286.0;4319.666666666667;6624.0;5970.333333333333;6535.333333333333;540.0;757.3333333333334;513.0;527.6666666666666;572.3333333333334;803.3333333333334;1580.3333333333333;1098.3333333333333;865.3333333333334;1690.0;1325.0;1093.3333333333333;1421.3333333333333;1542.0;2594.6666666666665;2664.3333333333335;2047.0;1765.6666666666667;2991.6666666666665;2489.6666666666665;2503.6666666666665;3448.0;3217.6666666666665;4075.6666666666665;6265.0;3880.3333333333335;5211.333333333333;9043.0;120.33333333333333;159.66666666666666;248.33333333333334;452.6666666666667;610.6666666666666;739.3333333333334;657.6666666666666;1115.6666666666667;859.3333333333334;2008.6666666666667;1535.3333333333333;1191.3333333333333;824.0;2017.0;1715.3333333333333;2917.3333333333335;2791.3333333333335;2134.0;2202.0;2275.0;2543.6666666666665;3292.0;3168.0;3024.6666666666665;2635.0;5547.666666666667;3973.6666666666665;4067.6666666666665;258.0;251.66666666666666;171.66666666666666;571.0;783.6666666666666;963.3333333333334;1061.0;806.3333333333334;1169.0;1281.6666666666667;988.0;481.3333333333333;1280.0;959.6666666666666;2394.3333333333335;2578.6666666666665;1275.6666666666667;2614.0;1977.6666666666667;1798.6666666666667;1328.3333333333333;4821.0;2476.3333333333335;3148.3333333333335;5939.666666666667;5215.666666666667;4751.333333333333;6151.0;251.66666666666666;292.0;76.0;163.0;852.0;1041.6666666666667;1023.0;481.3333333333333;991.3333333333334;764.0;2069.3333333333335;777.0;940.3333333333334;1350.6666666666667;1139.3333333333333;2567.6666666666665;2876.0;2731.0;2022.6666666666667;5533.0;1720.0;2081.0;2836.3333333333335;3105.0;5398.0;3528.6666666666665;2886.0;5321.333333333333
27;28.0;92.66666666666667;334.3333333333333;436.6666666666667;581.6666666666666;78.66666666666667;697.0;884.3333333333334;235.0;752.0;1188.6666666666667;2333.6666666666665;155.66666666666666;1111.3333333333333;816.0;2390.6666666666665;372.3333333333333;2474.0;2739.0;3054.0;1564.6666666666667;366.6666666666667;4273.333333333333;1276.6666666666667;791.0;3863.3333333333335;330.6666666666667;3569.0;942.6666666666666;391.6666666666667;160.0;269.0;150.0;931.3333333333334;1377.0;860.0;1220.6666666666667;464.0;112.33333333333333;709.0;253.66666666666666;2501.0;1475.3333333333333;665.3333333333334;532.0;492.0;1159.3333333333333;567.0;2860.6666666666665;1254.6666666666667;1907.0;1130.3333333333333;4965.666666666667;4074.3333333333335;765.6666666666666;2262.3333333333335;1290.3333333333333;286.0;419.0;575.3333333333334;321.6666666666667;745.3333333333334;316.0;918.6666666666666;180.33333333333334;683.0;412.0;352.6666666666667;249.66666666666666;750.3333333333334;422.0;435.6666666666667;836.0;1531.3333333333333;433.6666666666667;829.0;1708.6666666666667;3884.0;2829.6666666666665;920.6666666666666;755.0;910.6666666666666;3826.3333333333335;1137.0;5101.666666666667;432.3333333333333;543.6666666666666;193.33333333333334;92.33333333333333;481.3333333333333;1029.0;973.3333333333334;372.3333333333333;334.0;277.6666666666667;931.6666666666666;2592.0;1622.6666666666667;172.66666666666666;415.6666666666667;526.0;720.6666666666666;415.0;4152.333333333333;1136.6666666666667;319.6666666666667;357.6666666666667;640.3333333333334;229.0;473.0;558.0;1301.3333333333333;1084.0;122.33333333333333;121.66666666666667;151.66666666666666;281.3333333333333;151.0;837.3333333333334;862.0;121.0;335.0;250.66666666666666;791.6666666666666;289.0;1307.3333333333333;2154.6666666666665;476.6666666666667;542.0;344.0;1434.3333333333333;424.3333333333333;735.0;1335.0;497.0;2406.0;621.6666666666666;2600.0;4051.0;1092.6666666666667;745.0
28;29.0;306.6666666666667;397.3333333333333;649.6666666666666;642.6666666666666;679.6666666666666;764.0;1257.3333333333333;1311.6666666666667;1220.0;1357.0;2088.6666666666665;1024.0;2587.0;1531.6666666666667;2209.3333333333335;2258.3333333333335;2060.6666666666665;1748.3333333333333;2141.0;3094.6666666666665;3707.3333333333335;2396.6666666666665;2708.6666666666665;2979.3333333333335;4900.333333333333;3997.3333333333335;4151.0;9517.666666666666;303.6666666666667;351.3333333333333;383.6666666666667;532.6666666666666;217.33333333333334;596.3333333333334;438.6666666666667;292.3333333333333;882.6666666666666;520.0;740.3333333333334;823.0;635.3333333333334;1135.3333333333333;1252.6666666666667;975.6666666666666;1100.3333333333333;1017.6666666666666;1315.0;1066.0;2137.6666666666665;1422.6666666666667;1785.0;2006.3333333333333;1890.0;2560.3333333333335;2289.0;3370.0;718.6666666666666;780.3333333333334;770.0;986.0;574.6666666666666;999.3333333333334;613.0;830.6666666666666;1023.0;1155.3333333333333;2040.6666666666667;902.3333333333334;1972.3333333333333;867.0;1560.6666666666667;3057.0;1770.6666666666667;1201.0;2653.6666666666665;1071.0;1765.3333333333333;3006.6666666666665;3371.6666666666665;1711.3333333333333;3032.0;3619.0;2599.3333333333335;4803.666666666667;670.3333333333334;584.3333333333334;707.6666666666666;932.3333333333334;1232.3333333333333;1005.3333333333334;608.0;662.6666666666666;944.0;759.0;1974.0;929.6666666666666;1578.3333333333333;829.3333333333334;2512.6666666666665;1739.0;1913.3333333333333;2451.6666666666665;2981.0;2221.6666666666665;2270.0;1849.0;3076.6666666666665;3122.0;2439.0;2432.0;4996.666666666667;5178.666666666667;794.3333333333334;333.6666666666667;419.0;570.3333333333334;315.3333333333333;528.6666666666666;673.6666666666666;748.6666666666666;1269.0;448.6666666666667;831.6666666666666;734.3333333333334;2182.3333333333335;1068.3333333333333;1463.6666666666667;1243.6666666666667;1184.6666666666667;1660.0;2522.6666666666665;1808.3333333333333;1512.6666666666667;1972.0;3450.0;2504.0;1930.0;3790.0;5294.666666666667;7733.666666666667
29;30.0;50.666666666666664;39.666666666666664;52.0;80.0;194.33333333333334;39.333333333333336;306.6666666666667;100.0;369.6666666666667;80.0;162.0;39.666666666666664;725.3333333333334;426.0;77.0;320.3333333333333;953.0;289.6666666666667;150.33333333333334;512.0;141.33333333333334;290.6666666666667;76.0;302.0;1457.3333333333333;1201.0;3622.3333333333335;4712.0;50.333333333333336;68.33333333333333;57.666666666666664;89.33333333333333;113.0;134.0;218.33333333333334;92.33333333333333;194.66666666666666;184.0;1155.3333333333333;113.0;276.6666666666667;110.33333333333333;257.3333333333333;281.0;187.66666666666666;236.0;300.0;182.33333333333334;625.6666666666666;163.33333333333334;219.33333333333334;453.0;1428.0;81.0;423.6666666666667;709.6666666666666;215.0;166.66666666666666;155.66666666666666;143.0;150.0;274.0;225.0;141.66666666666666;163.33333333333334;409.3333333333333;492.0;282.6666666666667;367.3333333333333;213.66666666666666;242.33333333333334;955.0;711.0;675.0;737.0;375.6666666666667;553.3333333333334;590.6666666666666;2483.3333333333335;593.6666666666666;1203.6666666666667;2424.6666666666665;298.6666666666667;1431.6666666666667;68.66666666666667;96.33333333333333;124.0;72.66666666666667;95.0;131.66666666666666;263.6666666666667;118.66666666666667;231.33333333333334;259.0;294.6666666666667;110.33333333333333;431.3333333333333;213.66666666666666;245.0;494.3333333333333;791.3333333333334;256.0;411.0;369.0;330.3333333333333;148.33333333333334;335.0;577.3333333333334;655.0;1187.0;499.0;532.0;144.0;90.0;173.0;334.6666666666667;150.33333333333334;229.0;546.0;153.33333333333334;225.66666666666666;627.0;509.3333333333333;151.66666666666666;984.3333333333334;336.0;1993.0;2724.0;307.3333333333333;313.6666666666667;715.0;616.0;645.6666666666666;460.0;563.6666666666666;2763.3333333333335;1608.3333333333333;697.6666666666666;1190.6666666666667;793.6666666666666
30;31.0;86.8;109.0;82.66666666666667;43.333333333333336;45.0;99.8;192.8;88.0;215.0;141.5;180.66666666666666;67.0;170.0;153.0;297.4;301.0;195.33333333333334;217.0;294.0;374.8;316.0;189.0;376.75;157.0;171.5;155.0;354.0;305.3333333333333;113.0;294.6666666666667;83.66666666666667;231.66666666666666;110.66666666666667;139.66666666666666;150.0;101.66666666666667;322.5;356.0;98.0;148.0;388.0;466.6666666666667;420.0;381.0;;178.0;422.6666666666667;905.6666666666666;360.0;271.0;438.0;403.5;438.3333333333333;202.5;455.6666666666667;658.0;102.0;138.66666666666666;73.66666666666667;141.66666666666666;171.66666666666666;329.6666666666667;219.33333333333334;121.33333333333333;215.0;287.3333333333333;342.6666666666667;58.666666666666664;421.3333333333333;266.6666666666667;459.0;484.3333333333333;418.3333333333333;141.0;418.0;431.6666666666667;367.0;419.6666666666667;540.3333333333334;429.6666666666667;480.3333333333333;291.3333333333333;498.3333333333333;595.0;191.0;132.0;124.0;;211.0;168.0;289.5;61.0;621.0;540.0;260.0;267.0;166.0;169.5;311.0;444.0;346.0;412.0;429.4;359.6;587.0;288.0;700.0;179.0;375.0;328.0;514.0;331.0;123.5;225.0;;63.5;295.6666666666667;377.5;193.5;58.5;350.5;221.5;206.33333333333334;97.33333333333333;653.0;242.8;378.5;562.0;324.25;388.0;559.3333333333334;329.4;436.6666666666667;389.2;382.25;610.5;401.0;276.0;583.0;372.3333333333333
